	chr9_random	3583	1	1.0	36
	chr9_random	4267	1	1.0	36
	chr9_random	5322	1	1.0	36
	chr9_random	9571	0	1.0	36
	chr9_random	9717	0	1.0	36
	chr9_random	9838	0	1.0	36
	chr9_random	9872	1	1.0	36
	chr9_random	9989	1	1.0	36
	chr9_random	10319	0	1.0	36
	chr9_random	10332	0	1.0	36
	chr9_random	11731	1	1.0	36
	chr9_random	12507	1	1.0	36
	chr9_random	13301	0	1.0	36
	chr9_random	13621	1	1.0	36
	chr9_random	13774	0	1.0	36
	chr9_random	14663	1	1.0	36
	chr9_random	14737	0	1.0	36
	chr9_random	20065	1	1.0	36
	chr9_random	20605	0	1.0	36
	chr9_random	22570	1	1.0	36
	chr9_random	23055	0	1.0	36
	chr9_random	23085	0	1.0	36
	chr9_random	23089	1	1.0	36
	chr9_random	23457	0	1.0	36
	chr9_random	23496	1	1.0	36
	chr9_random	24503	0	1.0	36
	chr9_random	24563	1	1.0	36
	chr9_random	26019	1	1.0	36
	chr9_random	26911	1	1.0	36
	chr9_random	27363	0	1.0	36
	chr9_random	27385	1	1.0	36
	chr9_random	27486	1	1.0	36
	chr9_random	27863	0	1.0	36
	chr9_random	28202	0	1.0	36
	chr9_random	28879	1	1.0	36
	chr9_random	29256	0	1.0	36
	chr9_random	29288	0	1.0	36
	chr9_random	29290	1	1.0	36
	chr9_random	29481	1	1.0	36
	chr9_random	29504	0	1.0	36
	chr9_random	30566	0	1.0	36
	chr9_random	30735	0	1.0	36
	chr9_random	31213	1	1.0	36
	chr9_random	31334	0	1.0	36
	chr9_random	36066	0	1.0	36
	chr9_random	36439	1	1.0	36
	chr9_random	36706	1	1.0	36
	chr9_random	37025	1	1.0	36
	chr9_random	37104	0	1.0	36
	chr9_random	37584	0	1.0	36
	chr9_random	37615	1	1.0	36
	chr9_random	37649	0	1.0	36
	chr9_random	37719	1	1.0	36
	chr9_random	37761	1	1.0	36
	chr9_random	38194	1	1.0	36
	chr9_random	38487	1	1.0	36
	chr9_random	38488	0	1.0	36
	chr9_random	38682	1	1.0	36
	chr9_random	38764	0	1.0	36
	chr9_random	39159	0	1.0	36
	chr9_random	39369	1	1.0	36
	chr9_random	40925	1	1.0	36
	chr9_random	40943	0	1.0	36
	chr9_random	41253	0	1.0	36
	chr9_random	41427	0	1.0	36
	chr9_random	41705	0	1.0	36
	chr9_random	41996	0	1.0	36
	chr9_random	42233	0	1.0	36
	chr9_random	42242	1	1.0	36
	chr9_random	42284	0	1.0	36
	chr9_random	42470	0	1.0	36
	chr9_random	42596	1	1.0	36
	chr9_random	43250	0	1.0	36
	chr9_random	43301	0	1.0	36
	chr9_random	43511	1	1.0	36
	chr9_random	43767	1	1.0	36
	chr9_random	43932	1	1.0	36
	chr9_random	45727	1	1.0	36
	chr9_random	45730	1	1.0	36
	chr9_random	46447	0	1.0	36
	chr9_random	46861	0	1.0	36
	chr9_random	46882	1	1.0	36
	chr9_random	46974	1	1.0	36
	chr9_random	47196	0	1.0	36
	chr9_random	47976	0	1.0	36
	chr9_random	48179	1	1.0	36
	chr9_random	48309	0	1.0	36
	chr9_random	48534	1	1.0	36
	chr9_random	48729	1	1.0	36
	chr9_random	48823	0	1.0	36
	chr9_random	48982	1	1.0	36
	chr9_random	49051	0	1.0	36
	chr9_random	49104	0	1.0	36
	chr9_random	49182	1	1.0	36
	chr9_random	49282	1	1.0	36
	chr9_random	49359	1	1.0	36
	chr9_random	49468	1	1.0	36
	chr9_random	49645	0	1.0	36
	chr9_random	49830	1	1.0	36
	chr9_random	49873	0	1.0	36
	chr9_random	49923	0	1.0	36
	chr9_random	50049	0	1.0	36
	chr9_random	50144	1	1.0	36
	chr9_random	50217	0	1.0	36
	chr9_random	50231	1	1.0	36
	chr9_random	50239	1	1.0	36
	chr9_random	50258	0	1.0	36
	chr9_random	50290	1	1.0	36
	chr9_random	50340	0	1.0	36
	chr9_random	50342	0	1.0	36
	chr9_random	50392	0	1.0	36
	chr9_random	50683	1	1.0	36
	chr9_random	50738	0	1.0	36
	chr9_random	50794	0	1.0	36
	chr9_random	50810	0	1.0	36
	chr9_random	50827	1	1.0	36
	chr9_random	50829	1	1.0	36
	chr9_random	50837	1	1.0	36
	chr9_random	50955	0	1.0	36
	chr9_random	51549	0	1.0	36
	chr9_random	51666	1	2.0	36
	chr9_random	51767	1	1.0	36
	chr9_random	51914	1	1.0	36
	chr9_random	51952	0	1.0	36
	chr9_random	52030	1	1.0	36
	chr9_random	52414	1	1.0	36
	chr9_random	52489	1	1.0	36
	chr9_random	52545	0	1.0	36
	chr9_random	52588	0	1.0	36
	chr9_random	52652	0	1.0	36
	chr9_random	52669	0	1.0	36
	chr9_random	52695	0	1.0	36
	chr9_random	52768	0	1.0	36
	chr9_random	52810	1	1.0	36
	chr9_random	52842	1	1.0	36
	chr9_random	52874	0	1.0	36
	chr9_random	52919	1	1.0	36
	chr9_random	52938	1	1.0	36
	chr9_random	52979	0	1.0	36
	chr9_random	52985	0	1.0	36
	chr9_random	53004	0	1.0	36
	chr9_random	53019	0	1.0	36
	chr9_random	53036	0	1.0	36
	chr9_random	53076	0	1.0	36
	chr9_random	53080	1	1.0	36
	chr9_random	53086	1	1.0	36
	chr9_random	53125	0	1.0	36
	chr9_random	53143	1	1.0	36
	chr9_random	53315	1	1.0	36
	chr9_random	53328	0	1.0	36
	chr9_random	53345	1	1.0	36
	chr9_random	53389	1	1.0	36
	chr9_random	53456	1	1.0	36
	chr9_random	53483	0	1.0	36
	chr9_random	53723	0	1.0	36
	chr9_random	53743	1	1.0	36
	chr9_random	53914	0	1.0	36
	chr9_random	53918	0	1.0	36
	chr9_random	53971	0	1.0	36
	chr9_random	53975	0	1.0	36
	chr9_random	54171	0	1.0	36
	chr9_random	54184	1	1.0	36
	chr9_random	54269	0	1.0	36
	chr9_random	54303	0	1.0	36
	chr9_random	54311	0	1.0	36
	chr9_random	54316	0	1.0	36
	chr9_random	54347	0	1.0	36
	chr9_random	54367	0	1.0	36
	chr9_random	54379	0	1.0	36
	chr9_random	54485	1	1.0	36
	chr9_random	54525	0	1.0	36
	chr9_random	54544	0	1.0	36
	chr9_random	54576	1	1.0	36
	chr9_random	54577	0	1.0	36
	chr9_random	54583	0	1.0	36
	chr9_random	54585	0	1.0	36
	chr9_random	54629	1	1.0	36
	chr9_random	54643	1	1.0	36
	chr9_random	54698	0	1.0	36
	chr9_random	54717	0	1.0	36
	chr9_random	54750	0	1.0	36
	chr9_random	54767	0	2.0	36
	chr9_random	54791	0	1.0	36
	chr9_random	54811	0	1.0	36
	chr9_random	54862	1	1.0	36
	chr9_random	54886	1	1.0	36
	chr9_random	54920	1	1.0	36
	chr9_random	54932	0	1.0	36
	chr9_random	55000	1	1.0	36
	chr9_random	55007	1	1.0	36
	chr9_random	55017	0	2.0	36
	chr9_random	55023	0	1.0	36
	chr9_random	55037	1	1.0	36
	chr9_random	55069	1	1.0	36
	chr9_random	55096	0	1.0	36
	chr9_random	55096	1	1.0	36
	chr9_random	55103	1	1.0	36
	chr9_random	55116	0	1.0	36
	chr9_random	55122	1	1.0	36
	chr9_random	55234	1	1.0	36
	chr9_random	55239	1	1.0	36
	chr9_random	55248	0	1.0	36
	chr9_random	55273	1	1.0	36
	chr9_random	55292	0	1.0	36
	chr9_random	55292	1	1.0	36
	chr9_random	55293	0	1.0	36
	chr9_random	55304	1	1.0	36
	chr9_random	55312	1	1.0	36
	chr9_random	55321	1	1.0	36
	chr9_random	55324	1	1.0	36
	chr9_random	55458	0	1.0	36
	chr9_random	55514	0	1.0	36
	chr9_random	55517	0	1.0	36
	chr9_random	55557	0	1.0	36
	chr9_random	55567	0	1.0	36
	chr9_random	55571	1	1.0	36
	chr9_random	55606	1	1.0	36
	chr9_random	55627	1	1.0	36
	chr9_random	55629	1	1.0	36
	chr9_random	55636	1	1.0	36
	chr9_random	55669	0	1.0	36
	chr9_random	55689	0	1.0	36
	chr9_random	55699	1	1.0	36
	chr9_random	55709	1	1.0	36
	chr9_random	55723	0	1.0	36
	chr9_random	55751	1	1.0	36
	chr9_random	55755	0	1.0	36
	chr9_random	55771	0	1.0	36
	chr9_random	55799	0	1.0	36
	chr9_random	55807	1	1.0	36
	chr9_random	55810	0	1.0	36
	chr9_random	55812	0	1.0	36
	chr9_random	55863	1	1.0	36
	chr9_random	55874	1	1.0	36
	chr9_random	55890	1	1.0	36
	chr9_random	55898	1	1.0	36
	chr9_random	55903	1	1.0	36
	chr9_random	55911	1	2.0	36
	chr9_random	55918	1	1.0	36
	chr9_random	55930	1	1.0	36
	chr9_random	55949	0	1.0	36
	chr9_random	55955	0	1.0	36
	chr9_random	55982	1	1.0	36
	chr9_random	55995	0	1.0	36
	chr9_random	55997	0	1.0	36
	chr9_random	56010	0	1.0	36
	chr9_random	56016	0	1.0	36
	chr9_random	56034	1	1.0	36
	chr9_random	56039	1	1.0	36
	chr9_random	56049	0	1.0	36
	chr9_random	56051	0	1.0	36
	chr9_random	56068	0	1.0	36
	chr9_random	56106	0	1.0	36
	chr9_random	56109	0	1.0	36
	chr9_random	56126	1	1.0	36
	chr9_random	56127	0	1.0	36
	chr9_random	56129	1	1.0	36
	chr9_random	56138	0	2.0	36
	chr9_random	56141	0	1.0	36
	chr9_random	56142	1	1.0	36
	chr9_random	56143	0	1.0	36
	chr9_random	56162	1	1.0	36
	chr9_random	56166	0	1.0	36
	chr9_random	56187	0	1.0	36
	chr9_random	56209	1	1.0	36
	chr9_random	56212	0	1.0	36
	chr9_random	56213	0	1.0	36
	chr9_random	56230	1	1.0	36
	chr9_random	56253	1	1.0	36
	chr9_random	56257	1	1.0	36
	chr9_random	56264	1	1.0	36
	chr9_random	56303	0	1.0	36
	chr9_random	56308	1	1.0	36
	chr9_random	56332	0	1.0	36
	chr9_random	56333	0	1.0	36
	chr9_random	56394	0	1.0	36
	chr9_random	56396	0	1.0	36
	chr9_random	56410	0	1.0	36
	chr9_random	56415	0	1.0	36
	chr9_random	56416	0	1.0	36
	chr9_random	56429	0	1.0	36
	chr9_random	56451	1	1.0	36
	chr9_random	56453	0	1.0	36
	chr9_random	56456	1	1.0	36
	chr9_random	56467	1	1.0	36
	chr9_random	56527	0	1.0	36
	chr9_random	56540	1	1.0	36
	chr9_random	56570	0	1.0	36
	chr9_random	56580	0	1.0	36
	chr9_random	56596	0	1.0	36
	chr9_random	56662	0	1.0	36
	chr9_random	56672	1	1.0	36
	chr9_random	56703	1	1.0	36
	chr9_random	56709	1	1.0	36
	chr9_random	56743	0	1.0	36
	chr9_random	56779	0	1.0	36
	chr9_random	56792	0	1.0	36
	chr9_random	56819	1	1.0	36
	chr9_random	56854	1	1.0	36
	chr9_random	56856	1	1.0	36
	chr9_random	56872	1	1.0	36
	chr9_random	56895	1	1.0	36
	chr9_random	56902	0	1.0	36
	chr9_random	56904	1	1.0	36
	chr9_random	57055	0	1.0	36
	chr9_random	57079	0	1.0	36
	chr9_random	57115	1	1.0	36
	chr9_random	57146	0	1.0	36
	chr9_random	57160	1	1.0	36
	chr9_random	57185	0	1.0	36
	chr9_random	57186	1	1.0	36
	chr9_random	57214	1	1.0	36
	chr9_random	57230	0	1.0	36
	chr9_random	57242	0	1.0	36
	chr9_random	57254	1	1.0	36
	chr9_random	57255	0	1.0	36
	chr9_random	57266	0	1.0	36
	chr9_random	57272	0	1.0	36
	chr9_random	57279	0	1.0	36
	chr9_random	57321	1	1.0	36
	chr9_random	57330	1	1.0	36
	chr9_random	57338	0	1.0	36
	chr9_random	57342	0	1.0	36
	chr9_random	57369	0	1.0	36
	chr9_random	57387	1	1.0	36
	chr9_random	57414	1	1.0	36
	chr9_random	57537	1	1.0	36
	chr9_random	57592	1	1.0	36
	chr9_random	57768	0	1.0	36
	chr9_random	57811	1	1.0	36
	chr9_random	59564	0	1.0	36
	chr9_random	59810	1	1.0	36
	chr9_random	59993	0	1.0	36
	chr9_random	60585	0	1.0	36
	chr9_random	60746	0	1.0	36
	chr9_random	61025	0	1.0	36
	chr9_random	61112	1	1.0	36
	chr9_random	61756	0	1.0	36
	chr9_random	61793	1	1.0	36
	chr9_random	62392	1	1.0	36
	chr9_random	62911	0	1.0	36
	chr9_random	63207	0	1.0	36
	chr9_random	63306	0	1.0	36
	chr9_random	64831	1	1.0	36
	chr9_random	65086	1	1.0	36
	chr9_random	66025	1	1.0	36
	chr9_random	66136	0	1.0	36
	chr9_random	66937	1	1.0	36
	chr9_random	69315	0	1.0	36
	chr9_random	75412	0	1.0	36
	chr9_random	75490	0	1.0	36
	chr9_random	75600	1	1.0	36
	chr9_random	75993	1	1.0	36
	chr9_random	76511	0	1.0	36
	chr9_random	76671	0	1.0	36
	chr9_random	76726	1	2.0	36
	chr9_random	76780	1	1.0	36
	chr9_random	76926	1	1.0	36
	chr9_random	77802	0	1.0	36
	chr9_random	78816	1	1.0	36
	chr9_random	78956	0	1.0	36
	chr9_random	79021	0	1.0	36
	chr9_random	80009	1	1.0	36
	chr9_random	84293	1	1.0	36
	chr9_random	88953	1	1.0	36
	chr9_random	89537	0	1.0	36
	chr9_random	92915	1	1.0	36
	chr9_random	93227	1	1.0	36
	chr9_random	94125	0	1.0	36
	chr9_random	98310	1	1.0	36
	chr9_random	98342	0	1.0	36
	chr9_random	98348	1	1.0	36
	chr9_random	98794	0	1.0	36
	chr9_random	99186	1	1.0	36
	chr9_random	99211	1	1.0	36
	chr9_random	99409	1	1.0	36
	chr9_random	100682	0	1.0	36
	chr9_random	101092	1	1.0	36
	chr9_random	101573	0	1.0	36
	chr9_random	102462	0	1.0	36
	chr9_random	102601	0	1.0	36
	chr9_random	103033	1	1.0	36
	chr9_random	106128	1	1.0	36
	chr9_random	106827	0	1.0	36
	chr9_random	107400	1	1.0	36
	chr9_random	107906	1	1.0	36
	chr9_random	108756	1	1.0	36
	chr9_random	108821	1	1.0	36
	chr9_random	109741	0	1.0	36
	chr9_random	109802	1	1.0	36
	chr9_random	110609	0	1.0	36
	chr9_random	110766	0	1.0	36
	chr9_random	111148	1	1.0	36
	chr9_random	111811	0	1.0	36
	chr9_random	114069	1	1.0	36
	chr9_random	114083	1	1.0	36
	chr9_random	114235	0	1.0	36
	chr9_random	114280	1	2.0	36
	chr9_random	115540	0	1.0	36
	chr9_random	116088	1	1.0	36
	chr9_random	116564	0	1.0	36
	chr9_random	117038	1	1.0	36
	chr9_random	117336	0	1.0	36
	chr9_random	118066	1	1.0	36
	chr9_random	118121	1	1.0	36
	chr9_random	118344	0	1.0	36
	chr9_random	118414	1	1.0	36
	chr9_random	118513	1	1.0	36
	chr9_random	118530	1	1.0	36
	chr9_random	118735	0	1.0	36
	chr9_random	118999	1	1.0	36
	chr9_random	119906	1	1.0	36
	chr9_random	119931	0	1.0	36
	chr9_random	122125	1	1.0	36
	chr9_random	122456	1	1.0	36
	chr9_random	122602	1	1.0	36
	chr9_random	122857	0	1.0	36
	chr9_random	123169	1	1.0	36
	chr9_random	123454	0	1.0	36
	chr9_random	129693	0	1.0	36
	chr9_random	132471	1	1.0	36
	chr9_random	132912	1	1.0	36
	chr9_random	133320	0	1.0	36
	chr9_random	133345	1	1.0	36
	chr9_random	133378	1	1.0	36
	chr9_random	133808	1	1.0	36
	chr9_random	134403	0	1.0	36
	chr9_random	134610	1	1.0	36
	chr9_random	134663	1	1.0	36
	chr9_random	136228	0	1.0	36
	chr9_random	136997	0	1.0	36
	chr9_random	137172	0	1.0	36
	chr9_random	137176	0	1.0	36
	chr9_random	137538	1	1.0	36
	chr9_random	137585	0	1.0	36
	chr9_random	145189	0	1.0	36
	chr9_random	145232	1	1.0	36
	chr9_random	145311	0	1.0	36
	chr9_random	145582	0	1.0	36
	chr9_random	145763	1	1.0	36
	chr9_random	146799	0	1.0	36
	chr9_random	147763	0	1.0	36
	chr9_random	147889	0	1.0	36
	chr9_random	148043	0	1.0	36
	chr9_random	148082	1	1.0	36
	chr9_random	148435	0	1.0	36
	chr9_random	148500	1	1.0	36
	chr9_random	148605	0	1.0	36
	chr9_random	148667	1	1.0	36
	chr9_random	149325	1	1.0	36
	chr9_random	149361	1	1.0	36
	chr9_random	149362	0	1.0	36
	chr9_random	150634	0	1.0	36
	chr9_random	150684	0	1.0	36
	chr9_random	151807	1	1.0	36
	chr9_random	152557	0	1.0	36
	chr9_random	152709	1	1.0	36
	chr9_random	153314	1	1.0	36
	chr9_random	153438	0	1.0	36
	chr9_random	153701	1	1.0	36
	chr9_random	154058	0	1.0	36
	chr9_random	156258	0	1.0	36
	chr9_random	156849	0	1.0	36
	chr9_random	156861	0	1.0	36
	chr9_random	156866	0	1.0	36
	chr9_random	156869	0	1.0	36
	chr9_random	156933	1	1.0	36
	chr9_random	157015	1	1.0	36
	chr9_random	157042	1	1.0	36
	chr9_random	157072	0	1.0	36
	chr9_random	166389	0	1.0	36
	chr9_random	166861	1	1.0	36
	chr9_random	167235	0	1.0	36
	chr9_random	171915	0	1.0	36
	chr9_random	176384	1	1.0	36
	chr9_random	177015	0	1.0	36
	chr9_random	179232	1	1.0	36
	chr9_random	179759	1	1.0	36
	chr9_random	179821	0	1.0	36
	chr9_random	179970	0	1.0	36
	chr9_random	179980	0	1.0	36
	chr9_random	180075	0	1.0	36
	chr9_random	180508	1	1.0	36
	chr9_random	180515	1	1.0	36
	chr9_random	180870	0	1.0	36
	chr9_random	182036	1	1.0	36
	chr9_random	182041	0	1.0	36
	chr9_random	182641	0	1.0	36
	chr9_random	183193	0	1.0	36
	chr9_random	183215	1	1.0	36
	chr9_random	183287	0	1.0	36
	chr9_random	183311	0	1.0	36
	chr9_random	183366	1	1.0	36
	chr9_random	184046	0	1.0	36
	chr9_random	184260	0	1.0	36
	chr9_random	184929	0	1.0	36
	chr9_random	185020	1	1.0	36
	chr9_random	185303	1	1.0	36
	chr9_random	185359	0	1.0	36
	chr9_random	185431	1	1.0	36
	chr9_random	185472	0	1.0	36
	chr9_random	185620	1	1.0	36
	chr9_random	185737	0	1.0	36
	chr9_random	185789	1	1.0	36
	chr9_random	186154	0	1.0	36
	chr9_random	186672	1	1.0	36
	chr9_random	187583	0	1.0	36
	chr9_random	187644	0	1.0	36
	chr9_random	187748	1	1.0	36
	chr9_random	188163	1	1.0	36
	chr9_random	188287	0	1.0	36
	chr9_random	188860	0	1.0	36
	chr9_random	188876	0	1.0	36
	chr9_random	188892	0	1.0	36
	chr9_random	188918	0	1.0	36
	chr9_random	189176	1	1.0	36
	chr9_random	189419	1	1.0	36
	chr9_random	189438	0	1.0	36
	chr9_random	189474	0	1.0	36
	chr9_random	189492	1	1.0	36
	chr9_random	189517	1	1.0	36
	chr9_random	189524	1	1.0	36
	chr9_random	189592	1	1.0	36
	chr9_random	189746	1	1.0	36
	chr9_random	189766	0	1.0	36
	chr9_random	189908	1	1.0	36
	chr9_random	189944	1	1.0	36
	chr9_random	190241	0	1.0	36
	chr9_random	190269	0	1.0	36
	chr9_random	190311	0	1.0	36
	chr9_random	190345	0	1.0	36
	chr9_random	190493	1	1.0	36
	chr9_random	190633	1	1.0	36
	chr9_random	190655	1	1.0	36
	chr9_random	190699	0	1.0	36
	chr9_random	190707	1	1.0	36
	chr9_random	190720	0	1.0	36
	chr9_random	190737	0	1.0	36
	chr9_random	190743	1	1.0	36
	chr9_random	190770	0	1.0	36
	chr9_random	190814	1	1.0	36
	chr9_random	190850	0	1.0	36
	chr9_random	190876	1	1.0	36
	chr9_random	190897	1	1.0	36
	chr9_random	191401	0	1.0	36
	chr9_random	191423	1	1.0	36
	chr9_random	191442	1	1.0	36
	chr9_random	191597	1	1.0	36
	chr9_random	191908	0	1.0	36
	chr9_random	191994	1	1.0	36
	chr9_random	192625	1	1.0	36
	chr9_random	192634	0	1.0	36
	chr9_random	192637	1	1.0	36
	chr9_random	192661	1	1.0	36
	chr9_random	192664	1	1.0	36
	chr9_random	192953	1	1.0	36
	chr9_random	192968	0	1.0	36
	chr9_random	192972	1	1.0	36
	chr9_random	192985	0	1.0	36
	chr9_random	193000	0	1.0	36
	chr9_random	193044	1	1.0	36
	chr9_random	193098	0	1.0	36
	chr9_random	193116	0	1.0	36
	chr9_random	193127	1	2.0	36
	chr9_random	193139	1	1.0	36
	chr9_random	193148	1	2.0	36
	chr9_random	193166	0	1.0	36
	chr9_random	193206	0	1.0	36
	chr9_random	193211	0	1.0	36
	chr9_random	193255	0	1.0	36
	chr9_random	193280	0	1.0	36
	chr9_random	193295	0	1.0	36
	chr9_random	193306	1	1.0	36
	chr9_random	193338	0	1.0	36
	chr9_random	193368	1	1.0	36
	chr9_random	193372	1	1.0	36
	chr9_random	193397	1	1.0	36
	chr9_random	193445	1	1.0	36
	chr9_random	193463	1	1.0	36
	chr9_random	193471	1	1.0	36
	chr9_random	193486	1	1.0	36
	chr9_random	193560	0	1.0	36
	chr9_random	193585	1	1.0	36
	chr9_random	193641	1	1.0	36
	chr9_random	193769	1	1.0	36
	chr9_random	193846	1	1.0	36
	chr9_random	194045	1	1.0	36
	chr9_random	194053	1	1.0	36
	chr9_random	194140	1	1.0	36
	chr9_random	194203	1	1.0	36
	chr9_random	194259	0	1.0	36
	chr9_random	194263	0	1.0	36
	chr9_random	195338	0	1.0	36
	chr9_random	195559	1	1.0	36
	chr9_random	195712	0	1.0	36
	chr9_random	196043	1	1.0	36
	chr9_random	198382	0	1.0	36
	chr9_random	198508	0	1.0	36
	chr9_random	198590	1	1.0	36
	chr9_random	199283	1	1.0	36
	chr9_random	199389	0	1.0	36
	chr9_random	199466	0	1.0	36
	chr9_random	199519	0	1.0	36
	chr9_random	199667	1	1.0	36
	chr9_random	199739	0	1.0	36
	chr9_random	199837	0	1.0	36
	chr9_random	199862	1	1.0	36
	chr9_random	200404	1	1.0	36
	chr9_random	200534	1	1.0	36
	chr9_random	200736	1	1.0	36
	chr9_random	201132	0	1.0	36
	chr9_random	201228	1	1.0	36
	chr9_random	201482	0	1.0	36
	chr9_random	201497	0	1.0	36
	chr9_random	201587	1	1.0	36
	chr9_random	201903	1	1.0	36
	chr9_random	202148	1	1.0	36
	chr9_random	202305	1	1.0	36
	chr9_random	202739	1	1.0	36
	chr9_random	202913	0	1.0	36
	chr9_random	203176	1	1.0	36
	chr9_random	203601	0	1.0	36
	chr9_random	204814	0	1.0	36
	chr9_random	205137	1	1.0	36
	chr9_random	205712	1	1.0	36
	chr9_random	207005	1	1.0	36
	chr9_random	207891	1	1.0	36
	chr9_random	208062	1	1.0	36
	chr9_random	208270	0	1.0	36
	chr9_random	208373	0	1.0	36
	chr9_random	210784	0	1.0	36
	chr9_random	211302	1	1.0	36
	chr9_random	211507	0	1.0	36
	chr9_random	212364	1	1.0	36
	chr9_random	214977	0	1.0	36
	chr9_random	216422	0	1.0	36
	chr9_random	216580	0	1.0	36
	chr9_random	216718	0	1.0	36
	chr9_random	216927	0	1.0	36
	chr9_random	217765	0	1.0	36
	chr9_random	217858	1	1.0	36
	chr9_random	218194	1	1.0	36
	chr9_random	218495	1	1.0	36
	chr9_random	219947	1	1.0	36
	chr9_random	220163	0	1.0	36
	chr9_random	220311	1	1.0	36
	chr9_random	220412	1	1.0	36
	chr9_random	220435	1	1.0	36
	chr9_random	220491	0	1.0	36
	chr9_random	220682	0	1.0	36
	chr9_random	220720	0	1.0	36
	chr9_random	220965	0	1.0	36
	chr9_random	221075	0	1.0	36
	chr9_random	221122	1	1.0	36
	chr9_random	221252	1	1.0	36
	chr9_random	221323	1	1.0	36
	chr9_random	221353	1	1.0	36
	chr9_random	221536	0	1.0	36
	chr9_random	221771	1	1.0	36
	chr9_random	222050	1	1.0	36
	chr9_random	222093	0	1.0	36
	chr9_random	222422	0	1.0	36
	chr9_random	222621	0	1.0	36
	chr9_random	222624	1	1.0	36
	chr9_random	222645	1	1.0	36
	chr9_random	222674	1	1.0	36
	chr9_random	222713	0	1.0	36
	chr9_random	222778	1	1.0	36
	chr9_random	222993	1	1.0	36
	chr9_random	223336	1	1.0	36
	chr9_random	223355	1	1.0	36
	chr9_random	223389	1	1.0	36
	chr9_random	223396	1	1.0	36
	chr9_random	223417	1	1.0	36
	chr9_random	223466	0	1.0	36
	chr9_random	223471	0	1.0	36
	chr9_random	223484	1	1.0	36
	chr9_random	223506	1	1.0	36
	chr9_random	223526	1	1.0	36
	chr9_random	223556	0	1.0	36
	chr9_random	223578	1	1.0	36
	chr9_random	223614	0	1.0	36
	chr9_random	223617	0	1.0	36
	chr9_random	223638	1	1.0	36
	chr9_random	223653	1	1.0	36
	chr9_random	223655	0	1.0	36
	chr9_random	223672	1	1.0	36
	chr9_random	223673	0	1.0	36
	chr9_random	223677	0	2.0	36
	chr9_random	223680	0	1.0	36
	chr9_random	223685	0	1.0	36
	chr9_random	223693	0	1.0	36
	chr9_random	223709	1	1.0	36
	chr9_random	223726	1	1.0	36
	chr9_random	223728	1	1.0	36
	chr9_random	223764	1	1.0	36
	chr9_random	223766	0	1.0	36
	chr9_random	223769	1	1.0	36
	chr9_random	223828	0	1.0	36
	chr9_random	223833	1	1.0	36
	chr9_random	223911	1	1.0	36
	chr9_random	223920	1	1.0	36
	chr9_random	224116	0	1.0	36
	chr9_random	224397	1	1.0	36
	chr9_random	224605	0	1.0	36
	chr9_random	224656	0	1.0	36
	chr9_random	225949	1	1.0	36
	chr9_random	225986	0	1.0	36
	chr9_random	226014	0	1.0	36
	chr9_random	226237	0	1.0	36
	chr9_random	226272	0	1.0	36
	chr9_random	226459	0	1.0	36
	chr9_random	226682	1	1.0	36
	chr9_random	226785	0	1.0	36
	chr9_random	227207	0	1.0	36
	chr9_random	227419	0	1.0	36
	chr9_random	227609	0	1.0	36
	chr9_random	227665	0	1.0	36
	chr9_random	228920	0	1.0	36
	chr9_random	229197	1	1.0	36
	chr9_random	229490	0	1.0	36
	chr9_random	229793	0	1.0	36
	chr9_random	230991	0	1.0	36
	chr9_random	231027	0	1.0	36
	chr9_random	231064	1	1.0	36
	chr9_random	231504	0	1.0	36
	chr9_random	231758	1	1.0	36
	chr9_random	232148	1	1.0	36
	chr9_random	232175	1	1.0	36
	chr9_random	232323	1	1.0	36
	chr9_random	232378	0	1.0	36
	chr9_random	232381	0	1.0	36
	chr9_random	233039	1	1.0	36
	chr9_random	233307	0	1.0	36
	chr9_random	233420	1	1.0	36
	chr9_random	233617	0	1.0	36
	chr9_random	233676	1	1.0	36
	chr9_random	234208	1	1.0	36
	chr9_random	234279	1	1.0	36
	chr9_random	234853	1	1.0	36
	chr9_random	235160	1	2.0	36
	chr9_random	235358	0	1.0	36
	chr9_random	235612	1	1.0	36
	chr9_random	235619	1	1.0	36
	chr9_random	236393	0	1.0	36
	chr9_random	236838	1	1.0	36
	chr9_random	236858	0	1.0	36
	chr9_random	237114	0	1.0	36
	chr9_random	237296	1	1.0	36
	chr9_random	237327	1	1.0	36
	chr9_random	237334	1	1.0	36
	chr9_random	238064	1	1.0	36
	chr9_random	238751	0	1.0	36
	chr9_random	238843	0	1.0	36
	chr9_random	238886	0	1.0	36
	chr9_random	240273	1	1.0	36
	chr9_random	240853	1	1.0	36
	chr9_random	241984	1	1.0	36
	chr9_random	241985	1	1.0	36
	chr9_random	241992	1	1.0	36
	chr9_random	242000	0	1.0	36
	chr9_random	242061	0	2.0	36
	chr9_random	242066	0	1.0	36
	chr9_random	242067	0	1.0	36
	chr9_random	242070	0	1.0	36
	chr9_random	242096	1	1.0	36
	chr9_random	242118	1	1.0	36
	chr9_random	242159	0	1.0	36
	chr9_random	242161	0	1.0	36
	chr9_random	242183	0	1.0	36
	chr9_random	242190	1	1.0	36
	chr9_random	242205	1	1.0	36
	chr9_random	242229	0	1.0	36
	chr9_random	242341	0	1.0	36
	chr9_random	242361	1	1.0	36
	chr9_random	242373	1	1.0	36
	chr9_random	242410	1	1.0	36
	chr9_random	242416	1	1.0	36
	chr9_random	242442	0	1.0	36
	chr9_random	242474	1	1.0	36
	chr9_random	242495	0	1.0	36
	chr9_random	242502	0	1.0	36
	chr9_random	242512	0	1.0	36
	chr9_random	242517	1	1.0	36
	chr9_random	242523	0	1.0	36
	chr9_random	242534	1	1.0	36
	chr9_random	242540	1	1.0	36
	chr9_random	242542	1	1.0	36
	chr9_random	242550	1	1.0	36
	chr9_random	242551	1	1.0	36
	chr9_random	242559	1	1.0	36
	chr9_random	242622	1	1.0	36
	chr9_random	242649	0	1.0	36
	chr9_random	242675	0	1.0	36
	chr9_random	242687	1	1.0	36
	chr9_random	242692	0	1.0	36
	chr9_random	242697	0	1.0	36
	chr9_random	242700	0	1.0	36
	chr9_random	242710	1	1.0	36
	chr9_random	242722	1	1.0	36
	chr9_random	242726	1	1.0	36
	chr9_random	242730	1	1.0	36
	chr9_random	242733	1	1.0	36
	chr9_random	242818	1	1.0	36
	chr9_random	242867	0	2.0	36
	chr9_random	242868	0	1.0	36
	chr9_random	242912	1	1.0	36
	chr9_random	242913	1	3.0	36
	chr9_random	242953	0	1.0	36
	chr9_random	242956	0	1.0	36
	chr9_random	242997	1	1.0	36
	chr9_random	243054	0	1.0	36
	chr9_random	243060	0	2.0	36
	chr9_random	243092	1	1.0	36
	chr9_random	243113	1	1.0	36
	chr9_random	243157	0	1.0	36
	chr9_random	243194	1	1.0	36
	chr9_random	243195	1	1.0	36
	chr9_random	243203	1	1.0	36
	chr9_random	243204	1	2.0	36
	chr9_random	243241	0	1.0	36
	chr9_random	243279	0	1.0	36
	chr9_random	243281	0	2.0	36
	chr9_random	243282	0	1.0	36
	chr9_random	243285	0	1.0	36
	chr9_random	243295	1	1.0	36
	chr9_random	243297	0	1.0	36
	chr9_random	243304	0	1.0	36
	chr9_random	243311	1	1.0	36
	chr9_random	243318	1	2.0	36
	chr9_random	243320	1	1.0	36
	chr9_random	243321	1	1.0	36
	chr9_random	243323	1	2.0	36
	chr9_random	243333	1	1.0	36
	chr9_random	243337	1	1.0	36
	chr9_random	243375	1	1.0	36
	chr9_random	243376	1	1.0	36
	chr9_random	243392	0	1.0	36
	chr9_random	243401	0	2.0	36
	chr9_random	243405	0	1.0	36
	chr9_random	243408	0	1.0	36
	chr9_random	243409	1	1.0	36
	chr9_random	243436	1	2.0	36
	chr9_random	243441	1	1.0	36
	chr9_random	243451	0	1.0	36
	chr9_random	243484	1	1.0	36
	chr9_random	243490	1	1.0	36
	chr9_random	243492	1	1.0	36
	chr9_random	243514	1	1.0	36
	chr9_random	243606	0	1.0	36
	chr9_random	243609	0	1.0	36
	chr9_random	243656	1	1.0	36
	chr9_random	243658	1	1.0	36
	chr9_random	243660	1	1.0	36
	chr9_random	243687	1	2.0	36
	chr9_random	294379	1	1.0	36
	chr9_random	294556	1	1.0	36
	chr9_random	297029	0	1.0	36
	chr9_random	297139	0	1.0	36
	chr9_random	297353	1	1.0	36
	chr9_random	297418	1	1.0	36
	chr9_random	297523	1	1.0	36
	chr9_random	297577	0	1.0	36
	chr9_random	297931	1	1.0	36
	chr9_random	299126	1	1.0	36
	chr9_random	299162	0	2.0	36
	chr9_random	299285	1	1.0	36
	chr9_random	299673	0	1.0	36
	chr9_random	300472	0	1.0	36
	chr9_random	300568	0	2.0	36
	chr9_random	300687	0	1.0	36
	chr9_random	300796	1	1.0	36
	chr9_random	300809	1	1.0	36
	chr9_random	300979	1	1.0	36
	chr9_random	301253	1	1.0	36
	chr9_random	301326	1	1.0	36
	chr9_random	301477	0	1.0	36
	chr9_random	301589	1	1.0	36
	chr9_random	301730	0	1.0	36
	chr9_random	302173	1	1.0	36
	chr9_random	302538	1	1.0	36
	chr9_random	302803	1	1.0	36
	chr9_random	303107	0	1.0	36
	chr9_random	303133	1	1.0	36
	chr9_random	303579	0	1.0	36
	chr9_random	303628	1	1.0	36
	chr9_random	304792	0	1.0	36
	chr9_random	305309	1	1.0	36
	chr9_random	305574	0	1.0	36
	chr9_random	305775	1	1.0	36
	chr9_random	306490	0	1.0	36
	chr9_random	306725	0	1.0	36
	chr9_random	307398	0	1.0	36
	chr9_random	307436	0	1.0	36
	chr9_random	307662	1	1.0	36
	chr9_random	308376	1	1.0	36
	chr9_random	308850	1	1.0	36
	chr9_random	308943	1	1.0	36
	chr9_random	308993	0	1.0	36
	chr9_random	309033	0	1.0	36
	chr9_random	309058	1	1.0	36
	chr9_random	309109	0	1.0	36
	chr9_random	309295	1	1.0	36
	chr9_random	309453	0	1.0	36
	chr9_random	310141	0	1.0	36
	chr9_random	310168	1	1.0	36
	chr9_random	310191	1	1.0	36
	chr9_random	310932	0	1.0	36
	chr9_random	311295	0	1.0	36
	chr9_random	311346	0	1.0	36
	chr9_random	311675	0	1.0	36
	chr9_random	312081	0	1.0	36
	chr9_random	312146	0	1.0	36
	chr9_random	312185	0	1.0	36
	chr9_random	312265	1	1.0	36
	chr9_random	312857	1	1.0	36
	chr9_random	313674	1	1.0	36
	chr9_random	313818	0	1.0	36
	chr9_random	313966	0	1.0	36
	chr9_random	316515	0	1.0	36
	chr9_random	316748	0	1.0	36
	chr9_random	317745	1	1.0	36
	chr9_random	318332	1	1.0	36
	chr9_random	318938	1	1.0	36
	chr9_random	318940	1	1.0	36
	chr9_random	319244	0	1.0	36
	chr9_random	319334	0	1.0	36
	chr9_random	319809	0	1.0	36
	chr9_random	319854	1	1.0	36
	chr9_random	319923	1	1.0	36
	chr9_random	319931	1	1.0	36
	chr9_random	319962	1	1.0	36
	chr9_random	321126	0	1.0	36
	chr9_random	321130	0	1.0	36
	chr9_random	321243	1	1.0	36
	chr9_random	321917	1	1.0	36
	chr9_random	322300	1	1.0	36
	chr9_random	322377	0	1.0	36
	chr9_random	322804	0	1.0	36
	chr9_random	323358	1	1.0	36
	chr9_random	323525	1	1.0	36
	chr9_random	323834	0	1.0	36
	chr9_random	324676	1	1.0	36
	chr9_random	324962	1	1.0	36
	chr9_random	326752	1	1.0	36
	chr9_random	326887	0	1.0	36
	chr9_random	327002	0	1.0	36
	chr9_random	327169	1	1.0	36
	chr9_random	327576	0	1.0	36
	chr9_random	327587	1	1.0	36
	chr9_random	327988	1	1.0	36
	chr9_random	328153	0	1.0	36
	chr9_random	328584	1	1.0	36
	chr9_random	329185	1	1.0	36
	chr9_random	329398	1	1.0	36
	chr9_random	330110	0	1.0	36
	chr9_random	330533	1	1.0	36
	chr9_random	330782	0	1.0	36
	chr9_random	330941	1	1.0	36
	chr9_random	331556	0	1.0	36
	chr9_random	331729	1	1.0	36
	chr9_random	331782	0	1.0	36
	chr9_random	331783	1	1.0	36
	chr9_random	332053	0	1.0	36
	chr9_random	332085	0	1.0	36
	chr9_random	332123	0	1.0	36
	chr9_random	332578	0	1.0	36
	chr9_random	332583	0	1.0	36
	chr9_random	332677	1	1.0	36
	chr9_random	332700	1	1.0	36
	chr9_random	332756	1	1.0	36
	chr9_random	333016	1	1.0	36
	chr9_random	333047	1	1.0	36
	chr9_random	333937	0	1.0	36
	chr9_random	335174	1	1.0	36
	chr9_random	336980	1	1.0	36
	chr9_random	338188	0	1.0	36
	chr9_random	339244	0	1.0	36
	chr9_random	339335	1	1.0	36
	chr9_random	339368	1	1.0	36
	chr9_random	339426	0	1.0	36
	chr9_random	339433	0	1.0	36
	chr9_random	341432	0	1.0	36
	chr9_random	344359	0	1.0	36
	chr9_random	344364	0	1.0	36
	chr9_random	344382	1	1.0	36
	chr9_random	344496	1	1.0	36
	chr9_random	344890	1	1.0	36
	chr9_random	345015	1	1.0	36
	chr9_random	349319	1	1.0	36
	chr9_random	349902	0	1.0	36
	chr9_random	350029	1	1.0	36
	chr9_random	350084	0	1.0	36
	chr9_random	350120	0	1.0	36
	chr9_random	350145	1	1.0	36
	chr9_random	350276	0	1.0	36
	chr9_random	350860	1	1.0	36
	chr9_random	351082	1	1.0	36
	chr9_random	351587	1	1.0	36
	chr9_random	351774	0	1.0	36
	chr9_random	351785	0	1.0	36
	chr9_random	351810	1	1.0	36
	chr9_random	352131	0	1.0	36
	chr9_random	352296	0	1.0	36
	chr9_random	352550	0	1.0	36
	chr9_random	352770	1	1.0	36
	chr9_random	352839	0	1.0	36
	chr9_random	353092	1	1.0	36
	chr9_random	353890	1	1.0	36
	chr9_random	353962	0	1.0	36
	chr9_random	354194	1	1.0	36
	chr9_random	354935	0	1.0	36
	chr9_random	354971	0	1.0	36
	chr9_random	355047	0	1.0	36
	chr9_random	355714	1	1.0	36
	chr9_random	356214	0	1.0	36
	chr9_random	356402	0	1.0	36
	chr9_random	356553	1	1.0	36
	chr9_random	356820	0	1.0	36
	chr9_random	356884	1	1.0	36
	chr9_random	357110	1	1.0	36
	chr9_random	357167	1	1.0	36
	chr9_random	357204	1	1.0	36
	chr9_random	357364	0	1.0	36
	chr9_random	358004	0	1.0	36
	chr9_random	358059	1	1.0	36
	chr9_random	359126	0	1.0	36
	chr9_random	359346	1	1.0	36
	chr9_random	359618	1	1.0	36
	chr9_random	359813	0	1.0	36
	chr9_random	360078	0	1.0	36
	chr9_random	360254	1	1.0	36
	chr9_random	360281	0	1.0	36
	chr9_random	360366	1	1.0	36
	chr9_random	360574	0	1.0	36
	chr9_random	360645	0	1.0	36
	chr9_random	360669	0	1.0	36
	chr9_random	361597	0	1.0	36
	chr9_random	361751	0	1.0	36
	chr9_random	362008	1	1.0	36
	chr9_random	362673	0	1.0	36
	chr9_random	362743	0	1.0	36
	chr9_random	362755	0	1.0	36
	chr9_random	362926	0	1.0	36
	chr9_random	362974	0	1.0	36
	chr9_random	366450	0	1.0	36
	chr9_random	366629	1	1.0	36
	chr9_random	367410	0	1.0	36
	chr9_random	367463	0	1.0	36
	chr9_random	369064	0	1.0	36
	chr9_random	369162	0	1.0	36
	chr9_random	369218	0	1.0	36
	chr9_random	369965	1	1.0	36
	chr9_random	369997	1	1.0	36
	chr9_random	370044	1	1.0	36
	chr9_random	370242	1	1.0	36
	chr9_random	370247	1	1.0	36
	chr9_random	370466	0	1.0	36
	chr9_random	370498	1	1.0	36
	chr9_random	370571	0	1.0	36
	chr9_random	370693	1	1.0	36
	chr9_random	370740	0	1.0	36
	chr9_random	370780	1	1.0	36
	chr9_random	370804	0	1.0	36
	chr9_random	370846	0	1.0	36
	chr9_random	370924	1	1.0	36
	chr9_random	370929	1	1.0	36
	chr9_random	370938	1	1.0	36
	chr9_random	371932	0	1.0	36
	chr9_random	371981	0	1.0	36
	chr9_random	372013	1	1.0	36
	chr9_random	372043	1	1.0	36
	chr9_random	372081	0	1.0	36
	chr9_random	372093	0	1.0	36
	chr9_random	372114	1	1.0	36
	chr9_random	372186	0	1.0	36
	chr9_random	372214	0	1.0	36
	chr9_random	372217	1	1.0	36
	chr9_random	372332	0	1.0	36
	chr9_random	372348	0	1.0	36
	chr9_random	372563	0	1.0	36
	chr9_random	372652	0	1.0	36
	chr9_random	372723	0	1.0	36
	chr9_random	372806	0	1.0	36
	chr9_random	373847	1	1.0	36
	chr9_random	373918	1	1.0	36
	chr9_random	374061	1	1.0	36
	chr9_random	374308	0	1.0	36
	chr9_random	374352	0	1.0	36
	chr9_random	375649	1	1.0	36
	chr9_random	376020	1	1.0	36
	chr9_random	376441	1	1.0	36
	chr9_random	376589	0	1.0	36
	chr9_random	377007	1	1.0	36
	chr9_random	377545	1	1.0	36
	chr9_random	377842	0	1.0	36
	chr9_random	377865	1	1.0	36
	chr9_random	377886	1	1.0	36
	chr9_random	378319	0	1.0	36
	chr9_random	378718	1	1.0	36
	chr9_random	379744	0	1.0	36
	chr9_random	379762	1	1.0	36
	chr9_random	379832	0	1.0	36
	chr9_random	379840	1	1.0	36
	chr9_random	379927	1	1.0	36
	chr9_random	380093	1	1.0	36
	chr9_random	381327	0	1.0	36
	chr9_random	382668	0	1.0	36
	chr9_random	383430	1	1.0	36
	chr9_random	383602	1	1.0	36
	chr9_random	384155	1	1.0	36
	chr9_random	384445	1	1.0	36
	chr9_random	384573	1	1.0	36
	chr9_random	385917	1	1.0	36
	chr9_random	386383	1	1.0	36
	chr9_random	386438	1	1.0	36
	chr9_random	386458	0	1.0	36
	chr9_random	386554	1	1.0	36
	chr9_random	388169	1	1.0	36
	chr9_random	388988	1	1.0	36
	chr9_random	389019	0	1.0	36
	chr9_random	389668	1	1.0	36
	chr9_random	390060	0	1.0	36
	chr9_random	390495	1	1.0	36
	chr9_random	391292	1	1.0	36
	chr9_random	391571	0	1.0	36
	chr9_random	391750	0	1.0	36
	chr9_random	391992	0	1.0	36
	chr9_random	392650	0	1.0	36
	chr9_random	394675	0	1.0	36
	chr9_random	396444	1	1.0	36
	chr9_random	396484	1	1.0	36
	chr9_random	396542	1	1.0	36
	chr9_random	396730	0	1.0	36
	chr9_random	396857	0	1.0	36
	chr9_random	398385	0	1.0	36
	chr9_random	398940	0	1.0	36
	chr9_random	399113	1	1.0	36
	chr9_random	399322	0	1.0	36
	chr9_random	399704	1	1.0	36
	chr9_random	399771	0	1.0	36
	chr9_random	400221	0	1.0	36
	chr9_random	400324	1	1.0	36
	chr9_random	400379	1	1.0	36
	chr9_random	400600	0	1.0	36
	chr9_random	405827	0	1.0	36
	chr9_random	405879	0	1.0	36
	chr9_random	405983	0	1.0	36
	chr9_random	406028	1	1.0	36
	chr9_random	406130	0	1.0	36
	chr9_random	406300	1	1.0	36
	chr9_random	406354	1	1.0	36
	chr9_random	406738	1	1.0	36
	chr9_random	406745	1	1.0	36
	chr9_random	407048	1	1.0	36
	chr9_random	407119	1	1.0	36
	chr9_random	407363	0	1.0	36
	chr9_random	407442	0	1.0	36
	chr9_random	407603	1	1.0	36
	chr9_random	407838	1	1.0	36
	chr9_random	407934	1	1.0	36
	chr9_random	407976	1	1.0	36
	chr9_random	407979	1	1.0	36
	chr9_random	408084	0	1.0	36
	chr9_random	408242	0	1.0	36
	chr9_random	408253	0	1.0	36
	chr9_random	408260	0	1.0	36
	chr9_random	408318	1	1.0	36
	chr9_random	408330	1	1.0	36
	chr9_random	408381	1	1.0	36
	chr9_random	408393	0	1.0	36
	chr9_random	408467	1	1.0	36
	chr9_random	409296	1	1.0	36
	chr9_random	409598	0	1.0	36
	chr9_random	409727	0	1.0	36
	chr9_random	410115	0	1.0	36
	chr9_random	410505	0	1.0	36
	chr9_random	410933	1	1.0	36
	chr9_random	410992	1	1.0	36
	chr9_random	411396	0	1.0	36
	chr9_random	411434	0	1.0	36
	chr9_random	411467	1	1.0	36
	chr9_random	411610	0	1.0	36
	chr9_random	412178	0	1.0	36
	chr9_random	412797	1	1.0	36
	chr9_random	413279	0	1.0	36
	chr9_random	413280	0	1.0	36
	chr9_random	413474	0	1.0	36
	chr9_random	413661	1	1.0	36
	chr9_random	413908	1	1.0	36
	chr9_random	414003	1	1.0	36
	chr9_random	414102	1	1.0	36
	chr9_random	414858	0	1.0	36
	chr9_random	416869	0	1.0	36
	chr9_random	416978	1	1.0	36
	chr9_random	417083	1	1.0	36
	chr9_random	417142	1	1.0	36
	chr9_random	417189	1	1.0	36
	chr9_random	417941	1	1.0	36
	chr9_random	418078	0	1.0	36
	chr9_random	418172	0	1.0	36
	chr9_random	418223	1	1.0	36
	chr9_random	418364	0	1.0	36
	chr9_random	419523	1	1.0	36
	chr9_random	419687	1	1.0	36
	chr9_random	419874	0	1.0	36
	chr9_random	419917	0	1.0	36
	chr9_random	419978	1	1.0	36
	chr9_random	419992	1	1.0	36
	chr9_random	420289	0	1.0	36
	chr9_random	420893	1	1.0	36
	chr9_random	420914	1	1.0	36
	chr9_random	421279	0	1.0	36
	chr9_random	421359	1	1.0	36
	chr9_random	421388	0	1.0	36
	chr9_random	421400	0	1.0	36
	chr9_random	421449	0	1.0	36
	chr9_random	421576	1	1.0	36
	chr9_random	421589	0	1.0	36
	chr9_random	421628	0	1.0	36
	chr9_random	421690	0	1.0	36
	chr9_random	421694	1	1.0	36
	chr9_random	421706	1	1.0	36
	chr9_random	421708	0	1.0	36
	chr9_random	421758	1	1.0	36
	chr9_random	421776	1	1.0	36
	chr9_random	421780	1	1.0	36
	chr9_random	421786	1	1.0	36
	chr9_random	421798	0	1.0	36
	chr9_random	421810	0	1.0	36
	chr9_random	421820	1	1.0	36
	chr9_random	421837	1	1.0	36
	chr9_random	421861	1	1.0	36
	chr9_random	421904	1	1.0	36
	chr9_random	421914	1	1.0	36
	chr9_random	421924	1	1.0	36
	chr9_random	421938	1	1.0	36
	chr9_random	421960	1	1.0	36
	chr9_random	421976	1	1.0	36
	chr9_random	422025	0	1.0	36
	chr9_random	422281	0	1.0	36
	chr9_random	422338	1	1.0	36
	chr9_random	422499	0	1.0	36
	chr9_random	422515	0	1.0	36
	chr9_random	422554	0	1.0	36
	chr9_random	422587	1	1.0	36
	chr9_random	422626	0	1.0	36
	chr9_random	422712	0	1.0	36
	chr9_random	422762	0	1.0	36
	chr9_random	422777	1	1.0	36
	chr9_random	422779	1	1.0	36
	chr9_random	422805	0	1.0	36
	chr9_random	423024	0	1.0	36
	chr9_random	423083	0	1.0	36
	chr9_random	423145	1	1.0	36
	chr9_random	423193	1	1.0	36
	chr9_random	423253	0	1.0	36
	chr9_random	423262	0	1.0	36
	chr9_random	423290	0	1.0	36
	chr9_random	423294	0	1.0	36
	chr9_random	423308	0	1.0	36
	chr9_random	423312	1	1.0	36
	chr9_random	423324	0	1.0	36
	chr9_random	423429	1	1.0	36
	chr9_random	423432	0	1.0	36
	chr9_random	423515	1	1.0	36
	chr9_random	423586	1	1.0	36
	chr9_random	423592	0	1.0	36
	chr9_random	423625	1	1.0	36
	chr9_random	423631	0	1.0	36
	chr9_random	423654	1	1.0	36
	chr9_random	423712	1	1.0	36
	chr9_random	423739	0	1.0	36
	chr9_random	423771	0	1.0	36
	chr9_random	423793	1	1.0	36
	chr9_random	423797	0	1.0	36
	chr9_random	423913	0	1.0	36
	chr9_random	424027	0	1.0	36
	chr9_random	424081	1	1.0	36
	chr9_random	424094	1	1.0	36
	chr9_random	424112	1	1.0	36
	chr9_random	424332	0	1.0	36
	chr9_random	424343	0	1.0	36
	chr9_random	424473	0	1.0	36
	chr9_random	424525	0	1.0	36
	chr9_random	424721	0	1.0	36
	chr9_random	425233	1	1.0	36
	chr9_random	425516	0	1.0	36
	chr9_random	425540	1	1.0	36
	chr9_random	425641	1	1.0	36
	chr9_random	425711	0	1.0	36
	chr9_random	425736	0	1.0	36
	chr9_random	425843	1	1.0	36
	chr9_random	425912	1	1.0	36
	chr9_random	425934	1	1.0	36
	chr9_random	426039	0	1.0	36
	chr9_random	426070	0	1.0	36
	chr9_random	426155	0	1.0	36
	chr9_random	426166	1	1.0	36
	chr9_random	426192	1	1.0	36
	chr9_random	426226	1	1.0	36
	chr9_random	426345	0	1.0	36
	chr9_random	426416	0	1.0	36
	chr9_random	426517	1	1.0	36
	chr9_random	426547	0	1.0	36
	chr9_random	426609	0	1.0	36
	chr9_random	426749	1	1.0	36
	chr9_random	426782	0	1.0	36
	chr9_random	426821	0	1.0	36
	chr9_random	426821	1	1.0	36
	chr9_random	427218	0	1.0	36
	chr9_random	427257	1	1.0	36
	chr9_random	427463	0	1.0	36
	chr9_random	427707	0	1.0	36
	chr9_random	427748	0	1.0	36
	chr9_random	428125	0	1.0	36
	chr9_random	428201	1	1.0	36
	chr9_random	428565	0	1.0	36
	chr9_random	428689	1	1.0	36
	chr9_random	428910	0	1.0	36
	chr9_random	429104	0	1.0	36
	chr9_random	429106	0	1.0	36
	chr9_random	429184	1	1.0	36
	chr9_random	429187	0	1.0	36
	chr9_random	429211	0	1.0	36
	chr9_random	429243	1	1.0	36
	chr9_random	429485	1	1.0	36
	chr9_random	429819	1	1.0	36
	chr9_random	429881	1	1.0	36
	chr9_random	429899	0	1.0	36
	chr9_random	430243	0	1.0	36
	chr9_random	430484	0	1.0	36
	chr9_random	430512	0	1.0	36
	chr9_random	430574	1	1.0	36
	chr9_random	431424	0	1.0	36
	chr9_random	431573	0	1.0	36
	chr9_random	431612	1	1.0	36
	chr9_random	431617	1	1.0	36
	chr9_random	432309	0	1.0	36
	chr9_random	432367	0	1.0	36
	chr9_random	432593	0	1.0	36
	chr9_random	432628	0	1.0	36
	chr9_random	432695	1	1.0	36
	chr9_random	432901	1	1.0	36
	chr9_random	433082	0	1.0	36
	chr9_random	433523	1	1.0	36
	chr9_random	433571	1	1.0	36
	chr9_random	433687	1	1.0	36
	chr9_random	433726	1	1.0	36
	chr9_random	433773	0	1.0	36
	chr9_random	433844	0	1.0	36
	chr9_random	433909	1	1.0	36
	chr9_random	434129	1	1.0	36
	chr9_random	434389	1	1.0	36
	chr9_random	434444	0	1.0	36
	chr9_random	434654	0	1.0	36
	chr9_random	434925	1	1.0	36
	chr9_random	434998	0	1.0	36
	chr9_random	435051	0	1.0	36
	chr9_random	435409	1	1.0	36
	chr9_random	435452	1	1.0	36
	chr9_random	435546	0	1.0	36
	chr9_random	435640	0	1.0	36
	chr9_random	435710	1	1.0	36
	chr9_random	436013	1	1.0	36
	chr9_random	436418	1	1.0	36
	chr9_random	436464	1	1.0	36
	chr9_random	436561	1	1.0	36
	chr9_random	436868	0	1.0	36
	chr9_random	437093	1	1.0	36
	chr9_random	437132	0	1.0	36
	chr9_random	437519	1	1.0	36
	chr9_random	437621	0	1.0	36
	chr9_random	437773	0	1.0	36
	chr9_random	438035	0	1.0	36
	chr9_random	438078	0	1.0	36
	chr9_random	438174	1	1.0	36
	chr9_random	438192	1	1.0	36
	chr9_random	439103	0	1.0	36
	chr9_random	440010	1	1.0	36
	chr9_random	440071	1	1.0	36
	chr9_random	440093	1	1.0	36
	chr9_random	440757	0	1.0	36
	chr9_random	440827	1	1.0	36
	chr9_random	441307	1	1.0	36
	chr9_random	441339	1	1.0	36
	chr9_random	441627	1	1.0	36
	chr9_random	441962	0	1.0	36
	chr9_random	442209	0	1.0	36
	chr9_random	442507	0	1.0	36
	chr9_random	442516	1	1.0	36
	chr9_random	442657	1	1.0	36
	chr9_random	442698	0	1.0	36
	chr9_random	442777	1	1.0	36
	chr9_random	442843	0	1.0	36
	chr9_random	442994	0	1.0	36
	chr9_random	443175	0	1.0	36
	chr9_random	443441	0	1.0	36
	chr9_random	443462	0	1.0	36
	chr9_random	443663	0	1.0	36
	chr9_random	443776	0	1.0	36
	chr9_random	443827	1	1.0	36
	chr9_random	443832	1	1.0	36
	chr9_random	444037	1	1.0	36
	chr9_random	444551	0	1.0	36
	chr9_random	444563	0	1.0	36
	chr9_random	444605	0	1.0	36
	chr9_random	444744	0	1.0	36
	chr9_random	445095	0	1.0	36
	chr9_random	445107	0	1.0	36
	chr9_random	445423	1	1.0	36
	chr9_random	445508	1	1.0	36
	chr9_random	445531	0	1.0	36
	chr9_random	445911	0	1.0	36
	chr9_random	446076	1	1.0	36
	chr9_random	446228	0	1.0	36
	chr9_random	446311	1	1.0	36
	chr9_random	446331	1	1.0	36
	chr9_random	446578	1	1.0	36
	chr9_random	446648	0	1.0	36
	chr9_random	446751	1	1.0	36
	chr9_random	446880	0	1.0	36
	chr9_random	446920	0	1.0	36
	chr9_random	447088	1	1.0	36
	chr9_random	447326	1	1.0	36
	chr9_random	447458	0	1.0	36
	chr9_random	447497	1	1.0	36
	chr9_random	447499	1	1.0	36
	chr9_random	447734	1	1.0	36
	chr9_random	447762	0	1.0	36
	chr9_random	448430	0	1.0	36
	chr9_random	448465	0	1.0	36
	chr9_random	448578	0	1.0	36
	chr9_random	448756	0	1.0	36
	chr9_random	448766	0	1.0	36
	chr9_random	448825	1	1.0	36
	chr9_random	448856	1	1.0	36
	chr9_random	448975	0	1.0	36
	chr9_random	448998	0	1.0	36
	chr9_random	449041	1	1.0	36
	chr9_random	449289	0	1.0	36
