	chrY_random	559037	1	1.0	36
	chrY_random	583948	0	1.0	36
	chrY_random	726733	0	1.0	36
	chrY_random	922965	1	1.0	36
	chrY_random	1170844	0	1.0	36
	chrY_random	1769454	1	1.0	36
	chrY_random	2957660	1	1.0	36
	chrY_random	3812992	1	1.0	36
	chrY_random	3883523	1	1.0	36
	chrY_random	4055587	1	1.0	36
	chrY_random	4548791	0	1.0	36
	chrY_random	4548833	1	1.0	36
	chrY_random	4617129	1	1.0	36
	chrY_random	4661259	0	1.0	36
	chrY_random	4661263	0	1.0	36
	chrY_random	4987114	0	1.0	36
	chrY_random	5349748	1	1.0	36
	chrY_random	5385879	1	1.0	36
	chrY_random	5522796	0	1.0	36
	chrY_random	5538112	0	1.0	36
	chrY_random	5775672	1	1.0	36
	chrY_random	5798226	0	1.0	36
	chrY_random	5798395	1	1.0	36
	chrY_random	5808907	0	1.0	36
	chrY_random	5868990	1	1.0	36
	chrY_random	5889412	0	1.0	36
	chrY_random	5894260	0	1.0	36
	chrY_random	5894947	1	1.0	36
	chrY_random	5908401	0	1.0	36
	chrY_random	5911692	1	1.0	36
	chrY_random	5911703	0	1.0	36
	chrY_random	5957500	1	1.0	36
	chrY_random	5975531	1	1.0	36
	chrY_random	5976003	0	1.0	36
	chrY_random	5985231	1	1.0	36
	chrY_random	5993520	1	1.0	36
	chrY_random	6012909	1	1.0	36
	chrY_random	6019532	0	1.0	36
	chrY_random	6019542	1	1.0	36
	chrY_random	6019549	1	1.0	36
	chrY_random	6024225	1	2.0	36
	chrY_random	6043001	1	1.0	36
	chrY_random	6046724	0	1.0	36
	chrY_random	6050454	0	1.0	36
	chrY_random	6061775	1	1.0	36
	chrY_random	6063629	1	1.0	36
	chrY_random	6068127	1	1.0	36
	chrY_random	6073770	0	1.0	36
	chrY_random	6078854	1	1.0	36
	chrY_random	6092325	0	1.0	36
	chrY_random	6126933	1	1.0	36
	chrY_random	6130581	0	1.0	36
	chrY_random	6132381	1	1.0	36
	chrY_random	6138967	0	1.0	36
	chrY_random	6149297	0	1.0	36
	chrY_random	6158240	1	1.0	36
	chrY_random	6187583	0	1.0	36
	chrY_random	6197038	0	1.0	36
	chrY_random	6220694	1	1.0	36
	chrY_random	6221334	0	1.0	36
	chrY_random	6226982	1	1.0	36
	chrY_random	6232589	0	1.0	36
	chrY_random	6232624	0	1.0	36
	chrY_random	6234763	1	1.0	36
	chrY_random	6237290	1	1.0	36
	chrY_random	6239033	1	1.0	36
	chrY_random	6252912	1	1.0	36
	chrY_random	6256364	0	1.0	36
	chrY_random	6257314	1	1.0	36
	chrY_random	6271723	0	1.0	36
	chrY_random	6741276	0	1.0	36
	chrY_random	6741741	1	1.0	36
	chrY_random	6743374	1	1.0	36
	chrY_random	6746374	1	1.0	36
	chrY_random	6746919	0	1.0	36
	chrY_random	6754319	0	1.0	36
	chrY_random	6754368	1	1.0	36
	chrY_random	6757729	1	1.0	36
	chrY_random	6761035	0	1.0	36
	chrY_random	6764341	0	1.0	36
	chrY_random	6764375	1	1.0	36
	chrY_random	6764382	1	1.0	36
	chrY_random	6767366	0	1.0	36
	chrY_random	6767399	1	1.0	36
	chrY_random	6774743	1	1.0	36
	chrY_random	6776260	0	1.0	36
	chrY_random	6776551	1	1.0	36
	chrY_random	6776893	1	1.0	36
	chrY_random	6777602	1	1.0	36
	chrY_random	6782448	1	1.0	36
	chrY_random	6785721	0	1.0	36
	chrY_random	6791463	0	1.0	36
	chrY_random	6791585	1	1.0	36
	chrY_random	6805176	1	1.0	36
	chrY_random	6815761	1	1.0	36
	chrY_random	6929936	0	1.0	36
	chrY_random	8259055	0	1.0	36
	chrY_random	8259608	1	1.0	36
	chrY_random	8263439	0	1.0	36
	chrY_random	8267938	1	1.0	36
	chrY_random	8268242	0	1.0	36
	chrY_random	8273042	1	1.0	36
	chrY_random	8274871	0	1.0	36
	chrY_random	8280614	0	1.0	36
	chrY_random	8283590	0	1.0	36
	chrY_random	8285555	0	1.0	36
	chrY_random	8285602	0	1.0	36
	chrY_random	8286531	1	1.0	36
	chrY_random	8287398	1	1.0	36
	chrY_random	8287489	1	1.0	36
	chrY_random	8288072	1	1.0	36
	chrY_random	8288334	0	1.0	36
	chrY_random	8288339	0	1.0	36
	chrY_random	8288456	0	1.0	36
	chrY_random	8290226	1	1.0	36
	chrY_random	8290291	1	1.0	36
	chrY_random	8290714	1	1.0	36
	chrY_random	8291457	0	1.0	36
	chrY_random	8292010	1	1.0	36
	chrY_random	8292774	1	1.0	36
	chrY_random	8292859	0	1.0	36
	chrY_random	8293846	1	1.0	36
	chrY_random	8297126	1	1.0	36
	chrY_random	8297386	1	1.0	36
	chrY_random	8298203	1	1.0	36
	chrY_random	8298263	0	1.0	36
	chrY_random	8298278	0	1.0	36
	chrY_random	8299031	1	1.0	36
	chrY_random	8300339	1	1.0	36
	chrY_random	8300843	1	1.0	36
	chrY_random	8306783	1	1.0	36
	chrY_random	8307227	1	1.0	36
	chrY_random	8311741	0	1.0	36
	chrY_random	8311778	0	1.0	36
	chrY_random	8311878	0	1.0	36
	chrY_random	8314331	1	1.0	36
	chrY_random	8314422	1	1.0	36
	chrY_random	8314858	1	1.0	36
	chrY_random	8314872	0	1.0	36
	chrY_random	8315610	0	1.0	36
	chrY_random	8316162	1	1.0	36
	chrY_random	8316191	1	1.0	36
	chrY_random	8316678	1	1.0	36
	chrY_random	8316683	1	1.0	36
	chrY_random	8316854	1	1.0	36
	chrY_random	8317647	1	1.0	36
	chrY_random	8319762	1	1.0	36
	chrY_random	8320050	0	1.0	36
	chrY_random	8320338	0	1.0	36
	chrY_random	8320610	0	1.0	36
	chrY_random	8321116	0	1.0	36
	chrY_random	8321145	1	1.0	36
	chrY_random	8321192	1	1.0	36
	chrY_random	8321314	0	1.0	36
	chrY_random	8321381	0	1.0	36
	chrY_random	8321418	0	1.0	36
	chrY_random	8321436	0	1.0	36
	chrY_random	8321588	0	1.0	36
	chrY_random	8321763	0	1.0	36
	chrY_random	8322368	0	1.0	36
	chrY_random	8322418	0	1.0	36
	chrY_random	8322586	1	1.0	36
	chrY_random	8324770	0	1.0	36
	chrY_random	8325561	0	1.0	36
	chrY_random	8325649	1	1.0	36
	chrY_random	8325720	1	1.0	36
	chrY_random	8327377	1	1.0	36
	chrY_random	8331302	0	1.0	36
	chrY_random	8333719	0	1.0	36
	chrY_random	8335063	0	1.0	36
	chrY_random	8335274	0	1.0	36
	chrY_random	8335796	0	1.0	36
	chrY_random	8336499	0	1.0	36
	chrY_random	8336771	1	1.0	36
	chrY_random	8337556	0	1.0	36
	chrY_random	8337578	1	1.0	36
	chrY_random	8337898	1	1.0	36
	chrY_random	8339571	0	1.0	36
	chrY_random	8339757	0	1.0	36
	chrY_random	8342134	0	1.0	36
	chrY_random	8342930	1	1.0	36
	chrY_random	8344403	1	1.0	36
	chrY_random	8346652	1	1.0	36
	chrY_random	8346785	0	1.0	36
	chrY_random	8348056	1	1.0	36
	chrY_random	8348093	0	1.0	36
	chrY_random	8348097	1	1.0	36
	chrY_random	8348128	0	1.0	36
	chrY_random	8350264	0	1.0	36
	chrY_random	8350591	0	1.0	36
	chrY_random	8351013	1	1.0	36
	chrY_random	8351049	1	1.0	36
	chrY_random	8352150	1	1.0	36
	chrY_random	8353643	0	1.0	36
	chrY_random	8354473	1	1.0	36
	chrY_random	8354519	0	1.0	36
	chrY_random	8355123	0	1.0	36
	chrY_random	8355493	0	1.0	36
	chrY_random	8355840	1	1.0	36
	chrY_random	8356642	1	1.0	36
	chrY_random	8357369	1	1.0	36
	chrY_random	8358440	1	1.0	36
	chrY_random	8358636	0	1.0	36
	chrY_random	8359018	1	1.0	36
	chrY_random	8362042	0	1.0	36
	chrY_random	8362448	0	1.0	36
	chrY_random	8362541	0	1.0	36
	chrY_random	8363266	1	1.0	36
	chrY_random	8364166	1	1.0	36
	chrY_random	8364243	1	1.0	36
	chrY_random	8364545	1	1.0	36
	chrY_random	8365814	1	1.0	36
	chrY_random	8366531	0	1.0	36
	chrY_random	8367323	1	1.0	36
	chrY_random	8367861	1	1.0	36
	chrY_random	8367925	1	1.0	36
	chrY_random	8368379	0	1.0	36
	chrY_random	8368439	0	1.0	36
	chrY_random	8370128	0	1.0	36
	chrY_random	8370195	0	1.0	36
	chrY_random	8370488	0	1.0	36
	chrY_random	8370717	0	1.0	36
	chrY_random	8370860	1	1.0	36
	chrY_random	8370928	1	1.0	36
	chrY_random	8370933	0	1.0	36
	chrY_random	8371414	0	1.0	36
	chrY_random	8371963	1	1.0	36
	chrY_random	8372030	1	1.0	36
	chrY_random	8373040	1	1.0	36
	chrY_random	8373146	0	1.0	36
	chrY_random	8374788	1	1.0	36
	chrY_random	8376127	1	1.0	36
	chrY_random	8377336	1	1.0	36
	chrY_random	8378166	1	1.0	36
	chrY_random	8378718	0	1.0	36
	chrY_random	8378977	1	1.0	36
	chrY_random	8379005	0	1.0	36
	chrY_random	8380408	0	1.0	36
	chrY_random	8380822	1	1.0	36
	chrY_random	8380991	1	1.0	36
	chrY_random	8381408	0	1.0	36
	chrY_random	8381431	1	1.0	36
	chrY_random	8381856	0	1.0	36
	chrY_random	8383220	1	1.0	36
	chrY_random	8386406	1	1.0	36
	chrY_random	8386696	1	1.0	36
	chrY_random	8387450	1	1.0	36
	chrY_random	8387511	1	1.0	36
	chrY_random	8388005	1	1.0	36
	chrY_random	8388053	1	1.0	36
	chrY_random	8388407	0	1.0	36
	chrY_random	8390753	1	1.0	36
	chrY_random	8394119	1	1.0	36
	chrY_random	8394726	1	1.0	36
	chrY_random	8394734	1	1.0	36
	chrY_random	8395165	0	1.0	36
	chrY_random	8396348	0	1.0	36
	chrY_random	8400050	1	1.0	36
	chrY_random	8402148	1	1.0	36
	chrY_random	8403801	1	1.0	36
	chrY_random	8404191	0	1.0	36
	chrY_random	8404391	0	1.0	36
	chrY_random	8405406	0	1.0	36
	chrY_random	8406254	0	1.0	36
	chrY_random	8406509	0	1.0	36
	chrY_random	8406964	1	1.0	36
	chrY_random	8407154	0	1.0	36
	chrY_random	8407575	1	1.0	36
	chrY_random	8408627	1	1.0	36
	chrY_random	8408836	1	1.0	36
	chrY_random	8409171	0	1.0	36
	chrY_random	8412740	1	1.0	36
	chrY_random	8412966	0	1.0	36
	chrY_random	8413361	0	1.0	36
	chrY_random	8413575	1	1.0	36
	chrY_random	8414203	0	1.0	36
	chrY_random	8414235	1	1.0	36
	chrY_random	8414554	1	1.0	36
	chrY_random	8414999	0	1.0	36
	chrY_random	8415446	1	1.0	36
	chrY_random	8416465	1	1.0	36
	chrY_random	8417451	1	1.0	36
	chrY_random	8417666	1	1.0	36
	chrY_random	8418088	1	1.0	36
	chrY_random	8418266	0	1.0	36
	chrY_random	8418587	0	1.0	36
	chrY_random	8419732	0	1.0	36
	chrY_random	8420332	1	1.0	36
	chrY_random	8421426	0	1.0	36
	chrY_random	8422660	0	1.0	36
	chrY_random	8422691	0	1.0	36
	chrY_random	8423045	1	1.0	36
	chrY_random	8423072	0	1.0	36
	chrY_random	8423379	0	1.0	36
	chrY_random	8424948	0	1.0	36
	chrY_random	8425802	1	1.0	36
	chrY_random	8425885	1	1.0	36
	chrY_random	8426454	0	1.0	36
	chrY_random	8426521	0	1.0	36
	chrY_random	8426757	0	1.0	36
	chrY_random	8429046	1	1.0	36
	chrY_random	8429183	0	1.0	36
	chrY_random	8429194	0	1.0	36
	chrY_random	8429268	0	1.0	36
	chrY_random	8430216	1	1.0	36
	chrY_random	8430255	0	1.0	36
	chrY_random	8430310	1	1.0	36
	chrY_random	8431215	1	1.0	36
	chrY_random	8431824	0	1.0	36
	chrY_random	8436833	1	1.0	36
	chrY_random	8438043	0	1.0	36
	chrY_random	8438492	0	1.0	36
	chrY_random	8438652	1	1.0	36
	chrY_random	8439113	1	1.0	36
	chrY_random	8440478	0	1.0	36
	chrY_random	8446405	0	1.0	36
	chrY_random	8447943	1	1.0	36
	chrY_random	8448302	0	1.0	36
	chrY_random	8448311	1	1.0	36
	chrY_random	8448317	1	1.0	36
	chrY_random	8455772	1	1.0	36
	chrY_random	8457274	0	1.0	36
	chrY_random	8458276	1	1.0	36
	chrY_random	8458973	0	1.0	36
	chrY_random	8460164	1	1.0	36
	chrY_random	8460381	0	1.0	36
	chrY_random	8460798	0	1.0	36
	chrY_random	8460975	1	1.0	36
	chrY_random	8461361	1	1.0	36
	chrY_random	8461522	0	1.0	36
	chrY_random	8461800	0	1.0	36
	chrY_random	8461939	1	1.0	36
	chrY_random	8463144	1	1.0	36
	chrY_random	8464134	0	1.0	36
	chrY_random	8464714	0	1.0	36
	chrY_random	8466491	1	1.0	36
	chrY_random	8467432	0	1.0	36
	chrY_random	8467468	1	1.0	36
	chrY_random	8467483	1	1.0	36
	chrY_random	8468603	0	1.0	36
	chrY_random	8471790	1	1.0	36
	chrY_random	8472236	0	1.0	36
	chrY_random	8474109	0	1.0	36
	chrY_random	8475157	1	1.0	36
	chrY_random	8475242	0	1.0	36
	chrY_random	8475411	0	1.0	36
	chrY_random	8475721	0	1.0	36
	chrY_random	8475975	1	1.0	36
	chrY_random	8476742	0	1.0	36
	chrY_random	8477484	1	1.0	36
	chrY_random	8477555	1	1.0	36
	chrY_random	8477582	1	1.0	36
	chrY_random	8477899	0	1.0	36
	chrY_random	8478206	0	1.0	36
	chrY_random	8478236	1	1.0	36
	chrY_random	8478510	1	1.0	36
	chrY_random	8478757	1	1.0	36
	chrY_random	8478964	0	1.0	36
	chrY_random	8480273	1	1.0	36
	chrY_random	8484076	1	1.0	36
	chrY_random	8486664	0	1.0	36
	chrY_random	8486689	0	1.0	36
	chrY_random	8489658	0	1.0	36
	chrY_random	8491180	0	1.0	36
	chrY_random	8494280	0	1.0	36
	chrY_random	8494382	0	1.0	36
	chrY_random	8494726	0	1.0	36
	chrY_random	8495040	0	1.0	36
	chrY_random	8496373	0	1.0	36
	chrY_random	8496515	0	1.0	36
	chrY_random	8497365	0	1.0	36
	chrY_random	8497406	1	1.0	36
	chrY_random	8498081	0	1.0	36
	chrY_random	8500088	0	1.0	36
	chrY_random	8500463	1	1.0	36
	chrY_random	8500786	1	1.0	36
	chrY_random	8500968	0	1.0	36
	chrY_random	8501939	0	1.0	36
	chrY_random	8502174	0	1.0	36
	chrY_random	8502231	0	1.0	36
	chrY_random	8502730	0	1.0	36
	chrY_random	8503173	0	1.0	36
	chrY_random	8503212	1	1.0	36
	chrY_random	8503920	0	1.0	36
	chrY_random	8503953	1	1.0	36
	chrY_random	8506073	1	1.0	36
	chrY_random	8506362	0	1.0	36
	chrY_random	8506440	1	1.0	36
	chrY_random	8506684	0	1.0	36
	chrY_random	8506846	0	1.0	36
	chrY_random	8508636	0	1.0	36
	chrY_random	8508901	1	1.0	36
	chrY_random	8509355	0	1.0	36
	chrY_random	8510981	0	1.0	36
	chrY_random	8511839	1	1.0	36
	chrY_random	8512088	0	1.0	36
	chrY_random	8512191	0	1.0	36
	chrY_random	8513386	1	1.0	36
	chrY_random	8513447	1	1.0	36
	chrY_random	8513449	1	1.0	36
	chrY_random	8513455	1	1.0	36
	chrY_random	8513659	1	1.0	36
	chrY_random	8513748	1	1.0	36
	chrY_random	8514361	1	1.0	36
	chrY_random	8514800	0	1.0	36
	chrY_random	8517748	0	1.0	36
	chrY_random	8518152	1	1.0	36
	chrY_random	8518268	0	1.0	36
	chrY_random	8518274	1	1.0	36
	chrY_random	8518442	1	1.0	36
	chrY_random	8518984	1	1.0	36
	chrY_random	8518991	1	1.0	36
	chrY_random	8519023	0	1.0	36
	chrY_random	8520076	0	1.0	36
	chrY_random	8520481	1	1.0	36
	chrY_random	8520483	1	1.0	36
	chrY_random	8520506	1	1.0	36
	chrY_random	8521294	1	1.0	36
	chrY_random	8522451	0	1.0	36
	chrY_random	8523821	1	1.0	36
	chrY_random	8524084	0	1.0	36
	chrY_random	8524831	1	1.0	36
	chrY_random	8525288	0	1.0	36
	chrY_random	8525816	1	1.0	36
	chrY_random	8525881	0	1.0	36
	chrY_random	8526259	0	1.0	36
	chrY_random	8526284	0	1.0	36
	chrY_random	8526591	1	1.0	36
	chrY_random	8526968	0	1.0	36
	chrY_random	8527284	1	1.0	36
	chrY_random	8527450	0	1.0	36
	chrY_random	8528399	1	1.0	36
	chrY_random	8529375	1	1.0	36
	chrY_random	8529919	0	1.0	36
	chrY_random	8530806	1	1.0	36
	chrY_random	8531763	1	1.0	36
	chrY_random	8533394	1	1.0	36
	chrY_random	8534117	1	1.0	36
	chrY_random	8534197	1	1.0	36
	chrY_random	8542368	0	1.0	36
	chrY_random	8543936	0	1.0	36
	chrY_random	8544188	0	1.0	36
	chrY_random	8544600	0	1.0	36
	chrY_random	8545786	1	1.0	36
	chrY_random	8545822	1	1.0	36
	chrY_random	8546209	0	1.0	36
	chrY_random	8547296	0	1.0	36
	chrY_random	8547746	1	1.0	36
	chrY_random	8549153	0	1.0	36
	chrY_random	8549447	1	1.0	36
	chrY_random	8549798	1	1.0	36
	chrY_random	8550905	0	1.0	36
	chrY_random	8551005	0	1.0	36
	chrY_random	8551068	1	1.0	36
	chrY_random	8551214	1	1.0	36
	chrY_random	8551272	1	1.0	36
	chrY_random	8551662	1	1.0	36
	chrY_random	8551850	0	1.0	36
	chrY_random	8551884	1	1.0	36
	chrY_random	8552139	0	1.0	36
	chrY_random	8555254	1	1.0	36
	chrY_random	8556217	0	1.0	36
	chrY_random	8556252	0	1.0	36
	chrY_random	8556536	0	1.0	36
	chrY_random	8559182	0	1.0	36
	chrY_random	8559230	1	1.0	36
	chrY_random	8559941	0	1.0	36
	chrY_random	8560437	0	1.0	36
	chrY_random	8560701	1	1.0	36
	chrY_random	8561000	0	1.0	36
	chrY_random	8561265	1	1.0	36
	chrY_random	8561353	1	1.0	36
	chrY_random	8561901	0	1.0	36
	chrY_random	8562986	0	1.0	36
	chrY_random	8563067	0	1.0	36
	chrY_random	8563264	1	1.0	36
	chrY_random	8563573	1	1.0	36
	chrY_random	8563733	0	1.0	36
	chrY_random	8563783	1	1.0	36
	chrY_random	8564623	1	1.0	36
	chrY_random	8565755	0	1.0	36
	chrY_random	8565759	1	1.0	36
	chrY_random	8565840	1	1.0	36
	chrY_random	8566033	0	1.0	36
	chrY_random	8566591	0	1.0	36
	chrY_random	8571450	1	1.0	36
	chrY_random	8571504	1	1.0	36
	chrY_random	8572369	0	1.0	36
	chrY_random	8573866	1	1.0	36
	chrY_random	8582633	0	1.0	36
	chrY_random	8591302	1	1.0	36
	chrY_random	8591321	1	1.0	36
	chrY_random	8593396	0	1.0	36
	chrY_random	8593855	0	1.0	36
	chrY_random	8595649	0	1.0	36
	chrY_random	8596334	0	1.0	36
	chrY_random	8604761	1	1.0	36
	chrY_random	8605417	0	1.0	36
	chrY_random	8609616	1	1.0	36
	chrY_random	8609765	1	1.0	36
	chrY_random	8610356	0	1.0	36
	chrY_random	8614432	0	1.0	36
	chrY_random	8614503	1	1.0	36
	chrY_random	8615857	1	1.0	36
	chrY_random	8631351	1	1.0	36
	chrY_random	9018899	0	1.0	36
	chrY_random	9024017	0	1.0	36
	chrY_random	9027198	0	1.0	36
	chrY_random	9030964	1	1.0	36
	chrY_random	9030966	1	1.0	36
	chrY_random	9030988	1	1.0	36
	chrY_random	9032370	1	1.0	36
	chrY_random	9033371	1	1.0	36
	chrY_random	9034893	0	1.0	36
	chrY_random	9042897	0	1.0	36
	chrY_random	9415129	1	1.0	36
	chrY_random	9539898	0	1.0	36
	chrY_random	9907901	0	1.0	36
	chrY_random	10318477	0	1.0	36
	chrY_random	10779421	0	1.0	36
	chrY_random	10806064	0	1.0	36
	chrY_random	10851009	0	1.0	36
	chrY_random	11160594	1	1.0	36
	chrY_random	11221199	1	1.0	36
	chrY_random	11592545	0	1.0	36
	chrY_random	11992681	1	1.0	36
	chrY_random	12054000	1	1.0	36
	chrY_random	12074105	1	1.0	36
	chrY_random	12086489	1	1.0	36
	chrY_random	12146348	1	1.0	36
	chrY_random	12364498	1	1.0	36
	chrY_random	12766377	1	1.0	36
	chrY_random	13386637	0	1.0	36
	chrY_random	14349577	1	1.0	36
	chrY_random	14579290	0	1.0	36
	chrY_random	14625962	1	1.0	36
	chrY_random	14830204	0	2.0	36
	chrY_random	15553472	1	1.0	36
	chrY_random	15582217	0	1.0	36
	chrY_random	15977855	1	1.0	36
	chrY_random	16021052	1	1.0	36
	chrY_random	16045268	1	1.0	36
	chrY_random	16060748	1	1.0	36
	chrY_random	16107830	1	1.0	36
	chrY_random	16148124	0	1.0	36
	chrY_random	16515070	1	1.0	36
	chrY_random	16664816	1	1.0	36
	chrY_random	16800939	1	1.0	36
	chrY_random	16829545	1	1.0	36
	chrY_random	16864173	0	1.0	36
	chrY_random	16874638	1	1.0	36
	chrY_random	16874837	0	1.0	36
	chrY_random	16907372	0	1.0	36
	chrY_random	16911816	0	1.0	36
	chrY_random	16914826	0	1.0	36
	chrY_random	16915710	0	1.0	36
	chrY_random	16918251	1	1.0	36
	chrY_random	16938914	1	1.0	36
	chrY_random	16956354	1	1.0	36
	chrY_random	16958072	1	1.0	36
	chrY_random	16971433	1	1.0	36
	chrY_random	16991500	0	1.0	36
	chrY_random	17009744	1	1.0	36
	chrY_random	17020309	1	1.0	36
	chrY_random	17022752	0	1.0	36
	chrY_random	17029106	0	1.0	36
	chrY_random	17047441	1	1.0	36
	chrY_random	17069483	1	1.0	36
	chrY_random	17076042	0	1.0	36
	chrY_random	17101517	0	1.0	36
	chrY_random	17134145	0	1.0	36
	chrY_random	17135479	0	1.0	36
	chrY_random	17135535	1	1.0	36
	chrY_random	17148297	1	1.0	36
	chrY_random	17159769	0	1.0	36
	chrY_random	17169126	1	1.0	36
	chrY_random	17177037	1	1.0	36
	chrY_random	17189256	1	1.0	36
	chrY_random	17197912	0	1.0	36
	chrY_random	17205469	1	1.0	36
	chrY_random	17233683	1	1.0	36
	chrY_random	17235852	0	1.0	36
	chrY_random	17239955	0	1.0	36
	chrY_random	17280459	0	1.0	36
	chrY_random	17282151	1	1.0	36
	chrY_random	17332349	1	1.0	36
	chrY_random	17333979	0	1.0	36
	chrY_random	17363600	0	1.0	36
	chrY_random	17370749	0	1.0	36
	chrY_random	17370750	0	1.0	36
	chrY_random	17376141	0	1.0	36
	chrY_random	17409466	0	1.0	36
	chrY_random	17420367	1	1.0	36
	chrY_random	17478633	1	1.0	36
	chrY_random	17530301	1	1.0	36
	chrY_random	17540289	1	1.0	36
	chrY_random	17561924	0	1.0	36
	chrY_random	17626907	1	1.0	36
	chrY_random	17637939	0	1.0	36
	chrY_random	17641127	1	1.0	36
	chrY_random	17676146	0	1.0	36
	chrY_random	17676151	0	1.0	36
	chrY_random	17706058	0	1.0	36
	chrY_random	17755405	0	1.0	36
	chrY_random	17761048	0	1.0	36
	chrY_random	17968852	0	1.0	36
	chrY_random	18343634	0	1.0	36
	chrY_random	18374409	1	1.0	36
	chrY_random	18722641	0	1.0	36
	chrY_random	18921601	0	1.0	36
	chrY_random	19027353	1	1.0	36
	chrY_random	19260503	1	1.0	36
	chrY_random	19619368	1	1.0	36
	chrY_random	19830510	0	1.0	36
	chrY_random	20814012	0	1.0	36
	chrY_random	20861656	0	1.0	36
	chrY_random	20876417	0	1.0	36
	chrY_random	20894134	1	1.0	36
	chrY_random	20901749	0	1.0	36
	chrY_random	20911662	0	1.0	36
	chrY_random	20961783	0	1.0	36
	chrY_random	20968885	1	1.0	36
	chrY_random	20969034	1	1.0	36
	chrY_random	20999854	1	1.0	36
	chrY_random	21011558	0	1.0	36
	chrY_random	21011579	0	1.0	36
	chrY_random	21101277	1	1.0	36
	chrY_random	21156098	1	1.0	36
	chrY_random	21165731	1	1.0	36
	chrY_random	21205991	1	1.0	36
	chrY_random	21329878	1	1.0	36
	chrY_random	21395882	0	1.0	36
	chrY_random	21530371	1	1.0	36
	chrY_random	22158404	1	1.0	36
	chrY_random	22515107	1	1.0	36
	chrY_random	22517622	0	1.0	36
	chrY_random	22601163	0	1.0	36
	chrY_random	22616127	0	1.0	36
	chrY_random	23539955	1	1.0	36
	chrY_random	23786795	0	1.0	36
	chrY_random	24049464	1	1.0	36
	chrY_random	24175678	1	1.0	36
	chrY_random	24353180	0	2.0	36
	chrY_random	24455312	1	1.0	36
	chrY_random	25111400	1	1.0	36
	chrY_random	25563042	0	1.0	36
	chrY_random	25567435	1	1.0	36
	chrY_random	25744841	1	1.0	36
	chrY_random	26494080	1	1.0	36
	chrY_random	27821888	1	1.0	36
	chrY_random	27994214	1	1.0	36
	chrY_random	28569491	1	1.0	36
	chrY_random	28816479	1	1.0	36
	chrY_random	29104017	1	1.0	36
	chrY_random	29161686	0	1.0	36
	chrY_random	29180765	1	1.0	36
	chrY_random	29276544	0	1.0	36
	chrY_random	29861453	0	1.0	36
	chrY_random	30510746	0	1.0	36
	chrY_random	31548789	0	1.0	36
	chrY_random	32422907	0	1.0	36
	chrY_random	32779382	0	1.0	36
	chrY_random	32859555	0	1.0	36
	chrY_random	32869304	1	1.0	36
	chrY_random	32951596	0	1.0	36
	chrY_random	32951597	0	1.0	36
	chrY_random	32959203	0	1.0	36
	chrY_random	33439516	1	1.0	36
	chrY_random	33546803	1	1.0	36
	chrY_random	34118435	1	1.0	36
	chrY_random	34174016	0	1.0	36
	chrY_random	34931575	0	1.0	36
	chrY_random	34946466	0	1.0	36
	chrY_random	35007017	0	1.0	36
	chrY_random	35394965	1	1.0	36
	chrY_random	35867084	0	1.0	36
	chrY_random	36063828	0	1.0	36
	chrY_random	36077772	0	1.0	36
	chrY_random	36540264	1	1.0	36
	chrY_random	36540271	1	1.0	36
	chrY_random	36877143	1	1.0	36
	chrY_random	36967647	1	1.0	36
	chrY_random	37289821	0	1.0	36
	chrY_random	37387277	1	1.0	36
	chrY_random	37400233	0	1.0	36
	chrY_random	37400474	1	1.0	36
	chrY_random	38518025	1	1.0	36
	chrY_random	38872557	0	1.0	36
	chrY_random	39521328	0	1.0	36
	chrY_random	39545409	0	1.0	36
	chrY_random	39594928	1	1.0	36
	chrY_random	39642194	0	1.0	36
	chrY_random	39701974	0	1.0	36
	chrY_random	39794408	1	1.0	36
	chrY_random	40415779	0	1.0	36
	chrY_random	40588686	0	1.0	36
	chrY_random	40654715	0	1.0	36
	chrY_random	40654720	0	1.0	36
	chrY_random	40659743	0	1.0	36
	chrY_random	40682649	1	1.0	36
	chrY_random	40780947	1	1.0	36
	chrY_random	40789795	1	1.0	36
	chrY_random	40877197	0	1.0	36
	chrY_random	40884853	1	1.0	36
	chrY_random	40886560	0	1.0	36
	chrY_random	40888735	0	1.0	36
	chrY_random	40893376	0	1.0	36
	chrY_random	41209366	1	1.0	36
	chrY_random	41216601	1	1.0	36
	chrY_random	41230146	1	1.0	36
	chrY_random	42298173	1	1.0	36
	chrY_random	42432541	0	1.0	36
	chrY_random	42432563	1	1.0	36
	chrY_random	42459297	1	1.0	36
	chrY_random	42464393	1	1.0	36
	chrY_random	42504356	0	1.0	36
	chrY_random	42504566	0	1.0	36
	chrY_random	42543590	0	1.0	36
	chrY_random	43672525	1	1.0	36
	chrY_random	43897487	0	1.0	36
	chrY_random	44604597	0	1.0	36
	chrY_random	44726509	0	1.0	36
	chrY_random	44777225	1	1.0	36
	chrY_random	45852705	1	1.0	36
	chrY_random	45912643	1	1.0	36
	chrY_random	46179054	0	1.0	36
	chrY_random	46203463	1	1.0	36
	chrY_random	46737354	0	1.0	36
	chrY_random	46844073	1	1.0	36
	chrY_random	46948132	1	1.0	36
	chrY_random	47262500	0	1.0	36
	chrY_random	47320492	1	1.0	36
	chrY_random	47643126	1	1.0	36
	chrY_random	47771561	1	1.0	36
	chrY_random	49184184	1	1.0	36
	chrY_random	49219757	1	1.0	36
	chrY_random	49260164	1	1.0	36
	chrY_random	49260365	0	1.0	36
	chrY_random	49308439	0	1.0	36
	chrY_random	49346037	0	1.0	36
	chrY_random	49369046	0	1.0	36
	chrY_random	49398229	0	1.0	36
	chrY_random	49403411	0	1.0	36
	chrY_random	49441139	0	1.0	36
	chrY_random	49486072	1	1.0	36
	chrY_random	49506989	1	1.0	36
	chrY_random	49513445	0	1.0	36
	chrY_random	49514430	1	1.0	36
	chrY_random	49518355	1	1.0	36
	chrY_random	49518962	0	1.0	36
	chrY_random	49521402	1	1.0	36
	chrY_random	49521548	0	1.0	36
	chrY_random	49524358	1	1.0	36
	chrY_random	49531152	1	1.0	36
	chrY_random	49532763	0	1.0	36
	chrY_random	49540531	0	1.0	36
	chrY_random	49547337	1	1.0	36
	chrY_random	49579986	0	1.0	36
	chrY_random	49580781	1	1.0	36
	chrY_random	49580909	0	1.0	36
	chrY_random	49589058	0	1.0	36
	chrY_random	49589131	0	1.0	36
	chrY_random	49589405	0	1.0	36
	chrY_random	49593487	1	1.0	36
	chrY_random	49602685	1	1.0	36
	chrY_random	49608573	1	1.0	36
	chrY_random	49609556	1	1.0	36
	chrY_random	49623818	0	1.0	36
	chrY_random	49624662	0	1.0	36
	chrY_random	49626478	0	1.0	36
	chrY_random	49626770	0	1.0	36
	chrY_random	49627469	1	1.0	36
	chrY_random	49628546	1	1.0	36
	chrY_random	49629556	1	1.0	36
	chrY_random	49630073	0	1.0	36
	chrY_random	49631023	1	1.0	36
	chrY_random	49632914	0	1.0	36
	chrY_random	49637540	1	1.0	36
	chrY_random	49642056	1	1.0	36
	chrY_random	49650537	0	1.0	36
	chrY_random	49650937	0	1.0	36
	chrY_random	49662600	1	1.0	36
	chrY_random	49682560	1	1.0	36
	chrY_random	49683240	1	1.0	36
	chrY_random	49701133	1	1.0	36
	chrY_random	49724914	1	1.0	36
	chrY_random	49760575	0	1.0	36
	chrY_random	49761823	1	1.0	36
	chrY_random	49773012	1	1.0	36
	chrY_random	49785627	1	1.0	36
	chrY_random	49864281	0	1.0	36
	chrY_random	49906512	1	1.0	36
	chrY_random	49913775	1	1.0	36
	chrY_random	49919869	0	1.0	36
	chrY_random	49920727	1	1.0	36
	chrY_random	49932662	1	1.0	36
	chrY_random	49960474	0	1.0	36
	chrY_random	49961696	1	1.0	36
	chrY_random	50696569	0	1.0	36
	chrY_random	50834441	0	1.0	36
	chrY_random	51654602	0	1.0	36
	chrY_random	51733158	1	1.0	36
	chrY_random	52132560	1	1.0	36
	chrY_random	52241093	0	1.0	36
	chrY_random	52668131	1	1.0	36
	chrY_random	52791904	0	1.0	36
	chrY_random	54018484	1	1.0	36
	chrY_random	54212732	1	1.0	36
	chrY_random	54328383	0	1.0	36
	chrY_random	54328416	1	1.0	36
	chrY_random	54398220	0	1.0	36
	chrY_random	54544175	0	1.0	36
	chrY_random	54734561	0	1.0	36
	chrY_random	55144415	1	1.0	36
	chrY_random	55158523	0	1.0	36
	chrY_random	55159095	1	1.0	36
	chrY_random	55168665	1	1.0	36
	chrY_random	55187993	0	1.0	36
	chrY_random	55247189	1	1.0	36
	chrY_random	55262330	1	1.0	36
	chrY_random	55307141	1	1.0	36
	chrY_random	55314606	1	1.0	36
	chrY_random	55318452	1	1.0	36
	chrY_random	55318742	1	1.0	36
	chrY_random	55321761	0	1.0	36
	chrY_random	55327407	1	1.0	36
	chrY_random	55333997	0	1.0	36
	chrY_random	55334805	0	1.0	36
	chrY_random	55335364	1	1.0	36
	chrY_random	55336122	0	1.0	36
	chrY_random	55359217	1	1.0	36
	chrY_random	55368587	0	1.0	36
	chrY_random	55410134	1	1.0	36
	chrY_random	55442522	0	1.0	36
	chrY_random	55453979	1	1.0	36
	chrY_random	55499357	0	1.0	36
	chrY_random	55509319	1	1.0	36
	chrY_random	55511336	0	1.0	36
	chrY_random	55511714	1	1.0	36
	chrY_random	55521450	1	1.0	36
	chrY_random	55544224	0	1.0	36
	chrY_random	55750792	0	1.0	36
	chrY_random	55771635	1	1.0	36
	chrY_random	55926829	1	1.0	36
	chrY_random	55985981	0	1.0	36
	chrY_random	56158775	0	1.0	36
	chrY_random	56163991	1	1.0	36
	chrY_random	56261414	1	1.0	36
	chrY_random	56426871	0	1.0	36
	chrY_random	56426906	1	1.0	36
	chrY_random	56680504	1	1.0	36
	chrY_random	56761228	0	1.0	36
	chrY_random	56763799	1	1.0	36
	chrY_random	56830389	0	1.0	36
	chrY_random	56834496	1	1.0	36
	chrY_random	56842256	0	1.0	36
	chrY_random	56845642	1	1.0	36
	chrY_random	56849431	1	1.0	36
	chrY_random	56999214	1	1.0	36
